EMB_1,EMB_2,EMB_3,EMB_4,EMB_5,EMB_6,EMB_7,EMB_8,EMB_9,EMB_10,EMB_11,EMB_12,EMB_13,EMB_14,EMB_15,EMB_16,EMB_17,EMB_18,EMB_19,EMB_20,EMB_21,EMB_22,EMB_23,EMB_24,EMB_25,EMB_26,EMB_27,EMB_28,EMB_29,EMB_30,EMB_31,EMB_32,EMB_33,EMB_34,EMB_35,EMB_36,EMB_37,EMB_38,EMB_39,EMB_40,EMB_41,EMB_42,EMB_43,EMB_44,EMB_45,EMB_46,EMB_47,EMB_48,EMB_49,EMB_50,EMB_51,EMB_52,EMB_53,EMB_54,EMB_55,EMB_56,EMB_57,EMB_58,EMB_59,EMB_60,EMB_61,EMB_62,EMB_63,EMB_64,EMB_65,EMB_66,EMB_67,EMB_68,EMB_69,EMB_70,EMB_71,EMB_72,EMB_73,EMB_74,EMB_75,EMB_76,EMB_77,EMB_78,EMB_79,EMB_80,EMB_81,EMB_82,EMB_83,EMB_84,EMB_85,EMB_86,EMB_87,EMB_88,EMB_89,EMB_90,EMB_91,EMB_92,EMB_93,EMB_94,EMB_95,EMB_96,EMB_97,EMB_98,EMB_99,EMB_100,EMB_101,EMB_102,EMB_103,EMB_104,EMB_105,EMB_106,EMB_107,EMB_108,EMB_109,EMB_110,EMB_111,EMB_112,EMB_113,EMB_114,EMB_115,EMB_116,EMB_117,EMB_118,EMB_119,EMB_120,EMB_121,EMB_122,EMB_123,EMB_124,EMB_125,EMB_126,EMB_127,EMB_128,FID
0.072694376,-0.047153864,-0.05460253,-0.14887522,-0.025096595,0.03421237,0.09019033,-0.22962375,-0.025119033,0.0061554043,0.016820032,-0.002696529,-0.011848867,-0.12627085,0.15378736,0.093807034,-0.034336925,-0.16828246,0.009910552,-0.07998072,0.06516054,0.038789175,-0.07729303,0.07925991,0.046874367,0.043779578,0.11277762,-0.07093957,0.101356536,0.086707614,0.14838566,-0.06796476,0.10515199,0.033026636,0.06679953,0.09487004,-0.17427108,-0.08594118,0.19984397,0.024275687,-0.0596083,0.038553655,-0.07367632,-0.20669173,-0.04465172,-0.06590536,-0.14607787,-0.017983047,-0.070908494,-0.05406541,-0.039810233,-0.05101568,0.04005605,-0.034842048,0.024079045,0.04204832,0.059039813,-0.037872065,0.0010563427,-0.09734397,-0.03863327,-0.15658408,-0.0030874112,-0.004050145,0.022010026,0.01931876,0.11901875,-0.059516553,-0.15989795,0.10615204,0.15413067,-0.0415119,0.13995367,-0.18636048,0.12053533,-0.0077931727,0.061578345,0.13018376,-0.079897456,0.046838827,-0.13153446,0.10620412,-0.09080676,-0.022096265,0.10787911,-0.008467092,-0.08099623,-0.07595898,0.023861848,0.0012388565,0.16225713,0.063899696,-0.0016949151,0.041426636,0.03075464,0.034278996,-0.16037169,0.07798078,-0.1159344,-0.05811772,0.05413048,-0.07342035,0.12937036,0.04350208,0.08009391,-0.005676436,0.010175333,0.050870385,0.0032462014,-0.0072378316,0.008247367,0.049734183,0.028958006,-0.01878351,0.14058992,-0.0044351583,0.014139913,0.13271849,0.052580282,0.083159395,0.13786529,-0.037077017,0.19251867,-0.07068378,0.10537977,-0.08346425,-0.01998201,0.010109476,90
0.08041517,-0.06872205,-0.123434715,-0.13617069,0.0041502994,0.01757646,0.044303745,-0.18665542,0.022286197,-0.037526764,0.007066562,-0.025709257,0.0018521667,-0.112836905,0.16329476,0.14018995,0.018935293,-0.15298043,0.01976133,-0.079861455,-0.0021876716,0.09408216,-0.09917779,0.001845042,0.06796453,0.013443853,0.11352935,-0.03076557,0.07884873,0.09874838,0.123283155,-0.0442628,0.12223652,-0.015327977,0.097966425,0.11282225,-0.14568427,-0.024882749,0.18109605,0.039071206,-0.06617713,0.0605226,-0.11144347,-0.19668758,-0.026302533,-0.12285447,-0.19379891,-0.012504234,-0.019523049,-0.047790818,0.014704915,-0.04106955,0.018056072,-0.012205774,0.035937015,0.018368725,0.045234933,-0.059905197,0.016168714,-0.111005604,-0.001961526,-0.11312332,-0.040372424,0.01761596,0.06787839,0.009513664,0.13278429,-0.039937876,-0.19058803,0.07047301,0.08434913,-0.011812279,0.1055786,-0.22623873,0.10868641,0.016695382,0.048978522,0.111845545,-0.07250406,0.0005385869,-0.14965186,0.17514767,-0.09862447,0.03154045,0.05006675,-0.115156874,-0.05560512,-0.12148923,-0.03840982,-0.023979934,0.16014007,0.060118094,-0.070654765,-0.010096359,-0.03745381,-0.006004899,-0.13323814,0.059737038,-0.10124167,-0.018845588,0.07930695,-0.04522141,0.032687522,0.027025396,0.116168104,0.053371556,-0.005456536,0.014794425,0.03502187,-0.012698395,0.020948986,0.019013356,0.035235494,-0.027999293,0.13572505,-0.0015801804,0.013370402,0.10379913,0.021798784,0.09938356,0.16122694,-0.008972839,0.18050845,-0.049433216,0.15911509,-0.11772226,-0.052885503,-0.036288876,90
0.058939084,-0.07737112,-0.0952666,-0.13003878,-0.028003925,0.05741258,0.06075175,-0.17684104,0.024245232,0.0046321745,0.01388002,0.015372509,-0.016139602,-0.11449653,0.18047376,0.07748986,0.0182987,-0.16388023,0.031966515,-0.0737769,0.029577577,0.040480666,-0.07492431,0.021331096,0.059260983,0.012559393,0.14521457,-0.03927955,0.06495422,0.06873628,0.13188405,-0.048320837,0.11126884,-0.016756851,0.06512982,0.099634744,-0.17529903,-0.04877856,0.1997945,0.007908939,-0.09808916,0.059779152,-0.086981416,-0.23310666,-0.023593282,-0.06982784,-0.17679112,-0.03551904,-0.029535672,-0.035042748,-0.007055178,-0.036883898,0.05822002,-0.039891582,0.044355586,0.011759761,0.022200739,-0.0025899396,0.003568174,-0.1305673,-0.027453244,-0.11976606,-0.016832877,0.012466492,0.091406,-0.0091909375,0.12622285,-0.037049755,-0.20260498,0.09604888,0.11674118,-0.010996041,0.12825903,-0.21038763,0.08500407,-0.00025955573,0.058809385,0.105665,-0.08999727,0.056958314,-0.15961383,0.14885694,-0.07465104,-0.013207987,0.03146191,-0.06479769,-0.057894975,-0.10220027,-0.04241713,-0.047937248,0.17053306,0.056502923,-0.077340305,0.03906787,0.007815503,-0.011804131,-0.17210595,0.10586091,-0.102399915,-0.016199699,0.08290911,-0.057434063,0.10053916,0.04736122,0.07422986,0.042396527,0.0037146485,0.0061966493,0.040769722,-0.02021314,0.0013483277,0.024441011,0.025207756,-0.008766813,0.14828448,0.015028272,0.007074048,0.13535789,0.058901366,0.10917622,0.11702325,-0.015701858,0.18833041,-0.038726926,0.13016771,-0.0990551,-0.006363726,0.0033493326,90
0.0104164975,-0.0020684435,-0.06523898,-0.14201136,-0.012350197,0.042636063,0.07161013,-0.22252545,0.041111216,0.007527024,-0.022416765,-0.031669676,-0.0061093764,-0.07447174,0.11928609,0.13728599,-0.03370466,-0.13804646,0.029425185,-0.11167184,0.019198947,0.09211237,-0.11662642,0.0552047,0.061493877,0.04206275,0.16773659,-0.08034618,0.007855498,0.08197462,0.11465849,-0.08956627,0.16375503,0.06319763,0.08185592,0.13472472,-0.114901535,-0.11356657,0.20192151,0.022075912,-0.007973747,-0.025796935,-0.15963838,-0.13456558,-0.014915372,-0.09195167,-0.18063338,0.023896424,-0.036659695,-0.07653713,-0.031559743,0.00036222467,-0.012689394,0.02826392,0.069737926,0.017933685,0.069434516,-0.10039407,-0.0044063255,-0.103848144,0.017385866,-0.123758174,-0.038233425,-0.020092279,0.10268988,0.009964536,0.06854558,-0.052216645,-0.21998931,0.092642836,0.11317725,-0.0003386491,0.14788742,-0.2203512,0.111673005,-0.03933703,0.06868466,0.093769476,0.014302209,0.063541144,-0.16607133,0.14295878,-0.014331608,0.038579147,0.088004425,0.015352433,-0.09113584,-0.033924792,0.051948134,-0.01118473,0.11273579,0.09734215,0.0051222164,0.014803451,0.053155273,-0.008748915,-0.11228362,0.07729786,-0.124724716,-0.0005137823,0.12752724,-0.0077980915,-0.019033711,0.07146927,0.056776058,0.041238192,-0.046273623,0.06645927,0.010903878,-0.031201364,-0.04259871,-0.008173619,0.048008393,-0.029637298,0.08265134,-0.0067264787,0.04301783,0.10429216,0.08097232,0.07583323,0.1323488,0.023646303,0.18384638,-0.11595211,0.13703826,-0.060875107,0.06262424,0.022268498,90
0.05115754,-0.04503147,-0.07148208,-0.1331045,0.035922438,0.05164493,0.11011871,-0.2039937,0.02553074,0.0054949746,-0.0033085635,-0.025963202,-0.027100552,-0.1107612,0.1566034,0.11324377,-0.043777585,-0.16983119,0.005055067,-0.11955369,-0.00042378073,0.09123915,-0.07047462,0.04044188,0.032115456,0.043864816,0.11501781,-0.10546551,0.03804571,0.081871346,0.14578584,-0.15476935,0.13269301,0.07356263,0.09824454,0.14101471,-0.14608087,-0.04987056,0.20267458,0.015616001,-0.042431038,0.026846517,-0.09012172,-0.13047001,-0.052588407,-0.0664597,-0.17930835,-0.007409505,-0.06891954,-0.07106357,-0.038780876,-0.044742797,0.03171725,-0.016563086,0.04416974,-0.008327463,0.06139653,-0.039307095,-0.05154334,-0.17178072,-0.06005812,-0.12742195,-0.059876855,-0.045367762,0.018668855,0.016583003,0.036213618,-0.07047209,-0.19654968,0.10191449,0.18033682,-0.03704041,0.10063453,-0.2596424,0.0797674,0.01990612,0.038808886,0.11268268,-0.013353432,0.08301058,-0.12181531,0.09908362,-0.04301153,0.008266009,0.07619916,-0.029958649,-0.062166966,0.010938309,0.07364723,-0.008909832,0.13055715,0.056577455,-0.014978949,0.07295842,0.027449591,-0.014503509,-0.15097931,0.052918416,-0.13414499,-0.0067218104,0.14653648,-0.0652422,-0.0054949387,0.074956395,0.080321334,0.045265127,0.016088938,-0.044416953,0.0018644513,0.011185643,0.0040542115,0.04498115,0.03757774,-0.019004801,0.11098633,-0.035357688,-0.03236376,0.07557074,0.10112502,0.035998207,0.10939825,-0.0021990058,0.160828,-0.06451756,0.13204947,-0.090719275,0.05694352,0.027497746,90
0.06796109,-0.0661914,-0.08970199,-0.14268243,-0.024607701,0.052308735,0.049973957,-0.19201647,0.0060978,0.017076861,0.022520294,-0.043669514,-0.035328038,-0.105829224,0.14071812,0.12620024,0.011736617,-0.14323317,0.043810576,-0.08258641,0.047956757,0.06987999,-0.101851754,0.023570688,0.07831086,0.04269089,0.15800893,-0.070663236,0.09182191,0.10962729,0.11772057,-0.045068733,0.11670715,0.051356312,0.09118283,0.1348719,-0.13784622,-0.05625742,0.19097771,0.042143162,-0.040410426,0.03672768,-0.10054987,-0.16785203,-0.041890763,-0.097851105,-0.18751498,-0.03483274,-0.026091814,-0.09098904,-0.03191712,-0.034601565,0.01999707,-0.0076513626,0.02337768,0.05150965,0.058563378,-0.059202317,0.024160681,-0.13379765,-0.021878846,-0.12314416,-0.026036529,0.008624109,0.05243691,0.02104564,0.11832843,-0.053814843,-0.19613382,0.08337047,0.13214062,-0.008637456,0.13372606,-0.19140576,0.13734034,0.016616108,0.082294166,0.11087009,-0.085224524,0.06535241,-0.16552782,0.1417798,-0.09428183,0.022177653,0.107296705,-0.07390973,-0.08917303,-0.090950966,-0.011225845,0.0045173718,0.11060326,0.06927415,-0.052098613,0.04122319,-0.016423512,-0.033609092,-0.146457,0.0600689,-0.09540034,-0.031134758,0.088935204,-0.060888603,0.0502541,0.05097718,0.10426148,0.06902133,-0.014616991,0.029163234,0.006394779,-0.017824346,0.0708861,0.012363245,0.023068754,-0.013204337,0.14983763,0.009662636,0.03081522,0.09404841,0.04171871,0.110294834,0.18488935,-0.009463342,0.1530666,-0.06898347,0.09315862,-0.07627671,-0.002302045,0.0039620707,90
0.07433593,0.0271041,-0.07109468,-0.044619408,0.03545872,0.041468028,0.114685595,-0.20607601,0.08423593,0.03466781,0.07799274,-0.020728564,-0.018137155,-0.07350826,0.13332549,0.10886921,0.043616444,-0.18891525,2.353097e-05,-0.00765128,-0.031579267,0.13593306,-0.035392266,0.09154714,0.06010922,0.0068850713,0.0742286,-0.021090046,0.12144433,0.045688007,0.11743546,-0.15378931,0.07791133,0.05230075,0.09397887,0.09653361,-0.17089766,-0.041505102,0.21937583,-0.104979634,-0.089424275,0.07024338,-0.1575546,-0.16744345,-0.06803601,-0.031915013,-0.17709291,-0.09608392,-0.060354393,0.026257457,0.024927303,-0.06509372,0.0060865697,-0.056789722,-0.01824147,0.033571314,0.12729579,-0.083562024,-0.031635314,-0.1394764,-0.012163798,-0.046325374,0.088566385,-0.024206461,0.06341027,0.056014776,0.10179626,-0.018700339,-0.08798652,0.12943402,0.06830763,0.017801993,0.036755137,-0.15651628,-0.031989314,0.058665495,0.036571108,-0.02084767,0.008931913,0.064115554,-0.086715005,0.1203704,-0.004647351,0.057977986,0.079757884,-0.112611465,0.04548657,-0.007827789,-0.037027247,-0.02709028,0.16505928,0.08134911,-0.0009201049,0.15815544,-0.014654283,-0.10342721,-0.08469719,0.12285396,-0.13957645,-0.053429898,0.047962304,-0.05288886,-0.0021225477,0.10552492,0.13890466,0.123679504,-0.0457733,-0.014802318,-0.042605586,-0.021524359,0.07246894,0.04706285,0.05047916,0.033757642,0.124624945,0.009149225,0.001043124,0.054712586,0.11422437,0.09671405,0.10268089,0.10052376,0.13598911,-0.05358569,0.16695684,-0.13681477,-0.012532581,-0.08305447,90
0.07909765,-0.06085277,-0.104080535,-0.11580258,-0.045660544,0.06832585,0.069854766,-0.18652499,0.021029763,0.0013465473,0.011684931,-0.00054046354,-0.0048141754,-0.110886045,0.13346483,0.11090738,0.0054335655,-0.1855447,0.010508248,-0.043070536,0.019659357,0.06716237,-0.11985307,0.042877726,0.06998652,0.03449413,0.12930831,-0.03371375,0.09138332,0.0690706,0.13603222,-0.056013014,0.10927739,0.008961789,0.038613986,0.11225613,-0.20896205,-0.06075303,0.19318792,0.02650744,-0.07051316,0.06594875,-0.08304393,-0.19569339,-0.02483018,-0.08371018,-0.15409863,0.019714171,-0.054507256,-0.047562126,-0.0038585933,-0.011747027,0.03820267,-0.024932101,0.04209501,0.02441852,0.05216851,-0.03552624,0.044627037,-0.09461303,-0.028120682,-0.11213128,-0.026833488,0.041117717,0.1263698,0.017533688,0.11892663,-0.04177478,-0.19628562,0.06711621,0.087632105,-0.035165712,0.13659361,-0.19477867,0.09944498,0.0229109,0.052520435,0.113435306,-0.05793791,0.05961243,-0.15129593,0.13443248,-0.07083206,0.0001338276,0.08250268,-0.08411192,-0.06888298,-0.08033297,-0.018393558,-0.01580936,0.17905514,0.07466593,-0.034764193,0.020660017,0.015998954,0.010742998,-0.15387495,0.0775174,-0.12993602,-0.02632629,0.08440659,-0.08082395,0.059581667,0.07489808,0.048312746,0.035370026,-0.00085640216,0.04565952,0.03157129,-0.033815946,0.0340659,0.027189903,0.036129028,0.0016232892,0.14743079,0.0022795547,0.0048510847,0.1466476,0.09006996,0.09325202,0.17221934,-0.0110808825,0.16381215,-0.05042852,0.14099556,-0.12647043,0.010523752,-0.023464616,90
0.051796164,-0.0621571,-0.1345937,-0.09429535,-0.03096447,0.07147988,0.058179997,-0.18701668,0.035852212,0.026663685,0.01701766,-0.01590938,-0.04273558,-0.09523898,0.14578617,0.16170752,0.0406031,-0.120585196,0.016377611,-0.07517189,0.013335055,0.057481863,-0.11025155,-0.00082870777,0.07705436,0.030375367,0.15662648,-0.048647158,0.08975268,0.103433765,0.1379339,-0.049327698,0.14913328,0.017221086,0.07377618,0.110230684,-0.18261541,-0.067868166,0.17120959,0.028509768,-0.051211435,0.018642906,-0.110060856,-0.1586047,0.017450584,-0.123887695,-0.17412995,-0.018304022,-0.026337648,-0.08958893,0.0010579923,-0.06031891,-0.006426741,0.025245838,0.06028543,0.0075860675,0.07177281,-0.052362066,0.027488938,-0.1335486,-0.014847475,-0.0919843,-0.0007558955,-0.0044817375,0.11117088,0.007652189,0.10876489,-0.024288066,-0.216344,0.046755616,0.073472284,-0.002135065,0.13324371,-0.17013407,0.11757723,0.027864622,0.08011527,0.09205876,-0.008493151,0.06571994,-0.16792113,0.16153452,-0.099987425,-0.019105779,0.06249284,-0.08954585,-0.108684994,-0.065749794,0.003809091,-3.5096047e-05,0.13507342,0.094336614,-0.035645556,0.033347197,-0.039465465,-0.044654105,-0.14715506,0.10068548,-0.124323055,-0.014718212,0.096378244,-0.062846884,0.011725818,0.061025184,0.11790873,0.058632176,-0.03843386,0.029377194,0.018979782,0.006101037,0.017289009,0.058044236,0.029587504,-0.05131935,0.11271792,-0.014687368,0.017655542,0.08547492,0.07337334,0.0977454,0.15254226,0.029471824,0.18214141,-0.04019694,0.15414773,-0.08134901,0.006635969,-0.02272519,90
0.0676121,-0.028383182,-0.063724354,-0.16256964,-0.02628688,0.04593635,0.08785311,-0.2218023,0.024194838,0.013232787,-0.027127974,-0.007385398,-0.015506294,-0.100309804,0.13518414,0.084245734,-0.034481,-0.12043656,0.03195407,-0.09828628,0.06004545,0.056825247,-0.10592188,0.014084608,0.044565868,0.021377755,0.09444166,-0.08044005,0.025183933,0.12816885,0.14609292,-0.07861855,0.11754342,0.03808243,0.098845564,0.083233565,-0.17268772,-0.10227014,0.21949348,0.037522774,-0.050642498,0.038362667,-0.13843013,-0.17505388,-0.04326329,-0.09300576,-0.17699549,0.00036188174,-0.049157884,-0.04723411,-0.06517799,-0.042706195,0.0022057365,-0.042713698,0.07340527,0.009845063,0.07333404,-0.060853135,-7.4417345e-05,-0.1298983,0.0022503978,-0.16927329,-0.0068986556,-0.015217214,0.06285537,0.0059964624,0.05824945,-0.0430344,-0.17787126,0.08152508,0.120937094,-0.00010073274,0.16437331,-0.22267525,0.10684694,-0.023106534,0.061014067,0.08592283,-0.03298152,0.06014218,-0.14561191,0.099198006,-0.06785354,0.024563652,0.09906102,-0.05021799,-0.09210045,-0.08663278,-0.004409158,0.050683297,0.13244751,0.08547765,-0.07327509,0.041669246,0.005289606,-0.008856671,-0.14118949,0.10661512,-0.12267149,-0.05697061,0.11293429,-0.024403216,0.043031584,0.044692267,0.08558396,0.01786491,-0.02310387,0.028319037,-0.012180807,-0.046449553,0.039238397,0.013779981,0.023500023,-0.008414505,0.14585249,0.012365631,0.047203764,0.10207142,0.08640733,0.12628011,0.14603613,0.008740509,0.14100443,-0.085687555,0.0677559,-0.105712734,-0.040701795,-0.0012096252,90
0.08392848,-0.098383255,-0.12360555,-0.104025915,-0.056586552,0.089455046,0.027142648,-0.15668315,0.054309774,0.0011496933,0.0069076614,-0.0024391522,-0.0058315136,-0.12956786,0.13753751,0.08442255,0.058783997,-0.13985628,0.06110009,-0.04555936,0.017793022,0.058994275,-0.115515515,-0.007638941,0.080059014,-0.0047651646,0.10370237,0.012030664,0.08968631,0.092788815,0.10219159,-0.020932483,0.10089952,-0.045732886,0.08657321,0.053503968,-0.179448,-0.029375875,0.16222602,-0.018669879,-0.07939839,0.07236512,-0.118515186,-0.19574618,-0.048024934,-0.12848063,-0.14490591,-0.019152459,-0.028111685,-0.006111415,0.029663516,-0.05022097,0.041932374,-0.049499694,0.0476911,0.037350636,0.06155176,-0.057554025,0.033714622,-0.10746693,-0.0055492483,-0.101822555,0.013393545,0.05616586,0.12760627,0.030601231,0.13734615,-0.0059788986,-0.1859549,0.06482947,0.066121,-0.046217073,0.11617856,-0.20507328,0.103242144,0.042559106,0.056302927,0.0940769,-0.0901079,0.047624595,-0.16097593,0.13737915,-0.08087134,0.014897801,0.074159026,-0.14672893,-0.03903671,-0.13113616,-0.07867824,-0.011397379,0.1753857,0.03144211,-0.12461443,0.00873273,-0.03223174,-0.026945297,-0.1317329,0.081974216,-0.122245535,-0.036197763,0.07042189,-0.031071054,0.08352991,0.049873862,0.07340921,0.07875415,-0.014671575,0.0048149223,0.06952361,-0.036723692,0.03708498,0.016517425,-0.003388447,0.011116097,0.13265218,-0.018771755,0.015743408,0.11901499,0.054800548,0.10221089,0.1817597,0.0037020992,0.16154888,-0.008617934,0.15938382,-0.13482344,-0.05005219,-0.025484616,90
0.05674903,0.0061706738,-0.045675907,-0.14470237,0.009881387,0.06353847,0.07209251,-0.22022954,0.019927809,0.02418692,0.004735625,-0.03573523,0.034916874,-0.112695016,0.14540957,0.14148816,0.010870582,-0.16086327,0.034086123,-0.08862009,0.08223118,0.09194852,-0.0736411,0.023179231,0.038663063,0.028121315,0.13068385,-0.028744651,0.057174813,0.10728129,0.08466394,-0.06760339,0.14276892,0.018905906,0.13646558,0.09496714,-0.13814026,-0.09919878,0.24049059,0.0035136612,-0.036808476,0.009839013,-0.18813376,-0.18067779,-0.0364921,-0.065319575,-0.18687813,-0.027091095,-0.027965557,-0.055555776,-0.010920318,-0.018207777,-0.015373521,-0.0064306273,0.08211953,0.027604418,0.06934426,-0.116707906,0.029759618,-0.11697507,0.016406922,-0.16636409,0.04282268,-0.04788852,0.041559637,-0.023581907,0.08637578,-0.06722342,-0.18724602,0.07940932,0.054307174,0.02139788,0.118360326,-0.22250913,0.11147036,-0.0017726799,0.048307344,0.10928247,-0.0035299144,0.04089413,-0.15603504,0.14578305,-0.05438673,0.023895185,0.07597175,-0.029394396,-0.06558418,-0.094373904,-0.0064298897,-0.02169768,0.1300126,0.13421045,-0.030611001,0.025737226,0.045318905,-0.031243917,-0.0940459,0.038314484,-0.12678437,-0.048460536,0.08832525,-0.0063325786,-0.015191688,0.075845964,0.086308986,0.061289378,-0.046323556,0.0436208,0.011558184,0.0002598747,-0.0002288144,-0.020471483,0.019796966,-0.0148595935,0.113950096,0.015291557,0.045690514,0.08068647,0.04980555,0.0767481,0.11392845,0.03800515,0.19460854,-0.11613225,0.11434586,-0.061370272,-0.006623422,-0.027218537,90
0.07679749,-0.054114155,-0.05977649,-0.12954433,-0.03460849,0.035150737,0.06747844,-0.1754301,0.009269838,0.0022412804,-0.02087812,-0.025031842,-0.029900119,-0.10359405,0.14323352,0.11583993,0.0085172,-0.13408977,0.027480653,-0.06276279,0.052441303,0.073604666,-0.117387764,0.008267808,0.073622935,0.035079107,0.09416387,-0.053101618,0.11373365,0.111531466,0.10844091,-0.034451257,0.10734149,-0.012550576,0.12248936,0.08904083,-0.17704426,-0.082331516,0.16826308,0.006037993,-0.06657025,0.09052647,-0.18259099,-0.16336156,-0.056297254,-0.096523374,-0.19840129,0.012526392,-0.028836433,-0.0380506,0.016721105,-0.060542524,0.022155605,-0.026905399,0.06671897,0.012631157,0.080112234,-0.070063554,0.026819192,-0.112560466,-0.012584553,-0.13696629,-0.005780598,0.044318017,0.082768925,0.027566416,0.10721779,-0.021717558,-0.1281947,0.10387475,0.06930572,-0.0028130356,0.116721965,-0.19898224,0.10639326,-0.0044862214,0.046416968,0.115595534,-0.06278334,0.054170962,-0.17187798,0.102999434,-0.10404677,0.0032179344,0.09974094,-0.12540027,-0.06074145,-0.14601423,-0.07470099,0.018708918,0.17500699,0.10739687,-0.11131869,0.0095281275,-0.048549876,-0.018089298,-0.08393158,0.065620996,-0.08981723,-0.058737624,0.038248546,0.0033165165,0.024995208,0.06200879,0.11354275,0.046298884,-0.029819889,0.008735189,0.020134278,-0.017778901,0.028638635,-0.007591563,0.029118083,-0.02092618,0.14466329,0.04386369,0.061504636,0.09184885,0.05479197,0.098521166,0.18912235,-0.011375944,0.13717723,-0.08180654,0.11696597,-0.14090143,-0.083389364,-0.025144871,90
0.118296005,-0.09778617,-0.14467274,-0.11796748,0.015703198,0.02723652,0.059703443,-0.14186153,0.055789717,-0.028970813,-0.028211135,-0.024496762,-0.02812781,-0.09957358,0.13561542,0.08799178,0.015496957,-0.15435916,0.058381565,-0.054446306,-0.023075366,0.093365505,-0.11681197,0.0105628865,0.079804696,0.031290527,0.11871909,-0.06945987,0.084176585,0.103869356,0.1440426,-0.036918703,0.12286286,-0.05057054,0.062425453,0.10991564,-0.19668667,-0.028626738,0.1784721,0.014983319,-0.069876656,0.0806909,-0.11865471,-0.18952997,-0.030894918,-0.085648224,-0.18245322,-0.005324029,-0.06226104,0.018188866,-0.01858567,-0.016620178,0.048312683,-0.05431022,0.05215108,-0.008821998,0.029788144,-0.02327704,0.03647062,-0.13285543,-0.028643556,-0.16096717,-0.004198094,0.03175003,0.08660766,0.02392719,0.100554824,-0.045398604,-0.15241545,0.060749978,0.09817717,-0.07593771,0.08529221,-0.21610695,0.059120156,-0.009279757,0.026245274,0.097482495,-0.064391024,0.026531845,-0.13034788,0.13052307,-0.05019512,0.03530122,0.07967989,-0.13012494,-0.055470545,-0.117942326,-0.061469287,0.0034767515,0.16428141,0.050126724,-0.1261301,0.012855283,-0.07222806,-0.018031886,-0.1531765,0.05846268,-0.14689481,-0.009890585,0.023289211,-0.018496519,0.09215081,0.038764402,0.047420282,0.04311063,0.011445372,0.03663991,0.0066377916,-0.035285372,0.041174985,0.027705023,0.047079735,0.0066773514,0.16858853,-0.012182893,0.02467341,0.0989694,0.07623932,0.07050669,0.18716492,0.0015536278,0.12416861,-0.04368537,0.12077998,-0.1556123,-0.0694267,-0.028821262,90
0.0596263,-0.07254409,-0.11605584,-0.11946283,-0.04809193,0.014082965,0.08834962,-0.20488164,-0.017580241,0.02867076,-0.03976008,-0.042127408,-0.0014878098,-0.13059427,0.16293657,0.09598863,0.0004724855,-0.17498134,0.013439989,-0.08945384,0.0063676285,0.06394155,-0.10082078,0.064010054,0.042776756,0.022226656,0.111735985,-0.092221335,0.054052092,0.11549318,0.19406223,-0.109764084,0.1289555,0.0015551737,0.0966059,0.108565636,-0.1841808,-0.008300245,0.23109454,0.046040747,-0.04821772,0.07592814,-0.102473944,-0.1735681,0.0074988096,-0.07500208,-0.13279168,0.02367903,-0.08014232,-0.053412277,-0.07270751,-0.013936698,0.014350276,-0.0353849,0.035527416,0.030351127,0.05936727,0.0010082928,0.0127520915,-0.14973876,0.0040801866,-0.15646042,-0.08793757,-0.014246926,0.05269351,-0.0030442567,0.069757506,-0.05240151,-0.21434987,0.063601345,0.12388385,-0.030601483,0.13856615,-0.25015748,0.08339088,-0.008174531,0.019865042,0.104227744,-0.059110157,0.03239673,-0.12073936,0.10325925,-0.059934642,0.026393577,0.07942535,-0.06448325,-0.049812596,-0.06836792,-0.049778182,-0.009051914,0.13772236,0.06328142,-0.054344155,0.04821545,0.0024955051,-0.022354098,-0.14253847,0.087059595,-0.11895811,-0.0155183505,0.08291668,-0.008873048,0.043017253,0.048889305,0.07104136,0.0027403939,0.012275681,0.04181742,0.016294073,-0.026717056,-0.0031000888,0.016305689,0.060008314,-0.018094592,0.06851658,0.0034267341,0.008001341,0.09412662,0.04121922,0.098711036,0.17344193,-0.0011785411,0.12652086,-0.080749005,0.102942996,-0.12417572,-0.027191501,-0.027679862,90
0.024372099,-0.048208985,-0.08754886,-0.11797612,0.0077916034,0.038990468,0.08348113,-0.20238079,0.029492019,0.03134411,0.01840243,-0.010955444,-0.026488084,-0.09556257,0.1517454,0.16074745,0.017481642,-0.123441406,0.00090914645,-0.08208723,0.05074161,0.0544717,-0.101445735,0.029367348,0.07774654,0.055816084,0.16843879,-0.07002041,0.081068285,0.11464207,0.12263656,-0.065518536,0.13407288,0.04173803,0.09584137,0.08363206,-0.12871458,-0.04799784,0.21179806,0.051806536,-0.030147757,0.010058727,-0.14121799,-0.1594212,-0.02369633,-0.10442551,-0.19326474,-0.026957797,0.015984826,-0.08621249,-0.030349476,-0.05005997,0.024301836,-2.766026e-05,0.05263559,0.027208457,0.12123341,-0.08950829,0.046686716,-0.097978756,-0.020045986,-0.09961128,-0.031149374,-0.022922477,0.08728916,-0.002425865,0.11424475,-0.034381256,-0.20894517,0.087955624,0.07363161,0.04204291,0.12262695,-0.18611844,0.11966295,-0.02753975,0.09267213,0.090602,-0.05699933,0.06294581,-0.2121255,0.11835605,-0.075462304,-0.018535083,0.070871,-0.00882563,-0.10572217,-0.060510278,0.0034026995,0.018233966,0.13596012,0.09984038,-0.032317456,0.007387392,0.007178788,-0.061019983,-0.09014815,0.07429763,-0.093920544,-0.037371576,0.112079896,-0.053399794,-0.002475815,0.058582477,0.13043828,0.07406961,-0.039312143,-0.0014380799,0.022895597,0.025216995,0.025806792,0.020852301,0.02776458,-0.04854473,0.12765208,-0.02173214,0.014526634,0.11402038,0.092178546,0.0918801,0.1664408,0.020596044,0.16372561,-0.09776324,0.09282409,-0.067958415,0.010668405,-0.0016009846,90
0.051716354,-0.031286865,-0.06019736,-0.17462718,0.037940003,0.019236773,0.080134355,-0.22595958,0.0026839082,0.03592382,0.009297542,0.001561294,-0.005601255,-0.09593825,0.15795887,0.13059452,-0.020754727,-0.11418858,0.00095858355,-0.089244954,0.06560321,0.020225348,-0.09326371,0.026087482,0.056370515,0.04603899,0.12750816,-0.093423076,0.019857625,0.12290449,0.15940231,-0.07325809,0.12830946,0.052072812,0.062126305,0.11395171,-0.113411956,-0.10184135,0.21684146,0.053281773,-0.017358236,0.01389293,-0.09645412,-0.1384464,-0.045897458,-0.075185694,-0.21805528,-0.0024677352,-0.039108347,-0.078511246,-0.03161257,-0.063382335,0.0019704988,0.01763034,0.06063247,-0.023799866,0.039304364,-0.10785667,0.008164186,-0.119225524,-0.011358027,-0.1393621,-0.030315744,-0.04412094,0.03371512,-0.024913566,0.02977401,-0.0834724,-0.16947785,0.09918185,0.11286933,0.035250213,0.13364002,-0.21709473,0.13064855,-0.02936568,0.103090994,0.09778884,-0.014514006,0.06517738,-0.18751927,0.11748897,-0.08919962,0.0019254347,0.09400352,0.0048375227,-0.1138724,-0.07345543,0.050747927,0.046091232,0.10836486,0.0980689,-0.030589174,0.045219313,0.030940982,-0.020038532,-0.089311846,0.0655277,-0.13017598,-0.05497709,0.14857772,-0.03550563,0.023175938,0.018197307,0.07558658,0.04014487,-0.025252298,-0.0048365854,-0.018990386,0.019974474,0.021357067,0.04419319,0.024834035,-0.080791,0.15167065,0.011388864,0.0053125625,0.09618607,0.054267917,0.07351773,0.12740591,-0.009532469,0.1973603,-0.10008122,0.051766057,-0.09399133,0.005289687,0.032853667,90
0.045587987,-0.012614843,-0.0828925,-0.099447206,0.026604036,0.082029134,0.096418254,-0.22160244,-0.036236662,0.10066066,-0.014000264,-0.052563615,-0.06662503,-0.12331895,0.1411289,0.13224515,-0.040711448,-0.13484995,-0.007076812,-0.13850039,0.048002284,0.05113315,-0.065696776,0.07891111,0.062065095,0.06755787,0.12224815,-0.09787989,0.051988848,0.099408284,0.22342676,-0.10666109,0.14379339,0.04672005,0.09634101,0.04728667,-0.07800477,-0.05710858,0.25884944,0.060252972,-0.043190606,0.01813677,-0.0789893,-0.17799024,0.021193236,-0.03723653,-0.17308293,0.04756304,0.0010628655,-0.11941622,-0.031846933,-0.04795264,0.03275251,0.055681422,0.03820422,0.047775928,0.08483417,-0.10825826,-0.0008084209,-0.08606472,-0.00079229334,-0.12848403,-0.033842027,-0.041897755,0.024016183,-0.039397195,0.060378145,-0.013597583,-0.1938551,0.07504727,0.091520466,0.062320143,0.084730916,-0.18232597,0.10256774,-0.019171748,0.071981914,0.14474598,-0.020917132,0.09312532,-0.18746507,0.09324992,-0.0659182,-0.031574562,0.030511811,0.0019786279,-0.1033417,-0.029927203,0.048763514,-0.023931181,0.08955746,0.09310443,0.016630456,0.079951994,0.09761908,-0.07417192,-0.11828055,0.07702068,-0.06810419,-0.031499363,0.15074836,-0.06522962,-0.026235294,0.059740987,0.079966836,0.030713595,-0.084639855,-0.021387456,-0.030482698,0.004023341,-0.03807987,0.02067456,0.007864071,-0.088904746,0.072418004,0.032338366,-0.022368265,0.08791187,0.02596133,0.11154205,0.09567605,-0.021126514,0.19390489,-0.060176477,0.07105525,-0.058260996,0.04370937,0.015291862,90
0.06637126,-0.038912904,-0.08775132,-0.117665,0.0049490733,-0.005700371,0.06425577,-0.22195277,0.022357572,-0.029493641,0.047286753,0.009939975,0.016364481,-0.15237881,0.15512322,0.12944843,0.034493454,-0.15893371,-0.02521586,-0.05259111,0.02034717,0.036552973,-0.13092352,0.024181608,0.08066745,0.027383909,0.11957423,0.013017953,0.067581266,0.075695604,0.13247102,-0.0685554,0.11297452,0.012214438,0.015294074,0.14742649,-0.1647722,-0.10128057,0.15229338,0.015284196,-0.047277413,0.06758733,-0.09282159,-0.14843474,-0.006613377,-0.07893833,-0.16373384,-0.00038035316,-0.054754313,-0.05231228,0.007016684,-0.035417035,0.009705297,-0.015768474,0.045431223,0.029787889,0.067081824,-0.07393329,0.02764069,-0.05605143,-0.008798379,-0.10570412,-0.012557868,0.012335155,0.098188736,0.023429224,0.09957183,-0.079948954,-0.17597999,0.06113529,0.101103395,-0.018582692,0.08751755,-0.21657526,0.13633591,0.033602748,0.05247499,0.10759529,-0.031462085,0.053303815,-0.15580235,0.16829608,-0.07278015,-0.025646962,0.09300174,-0.05757949,-0.1048284,-0.061260752,0.034678273,-0.0031229788,0.14317787,0.07822443,-0.0001514381,0.045008373,0.0150660975,-0.0032300118,-0.15792121,0.04684923,-0.14531197,-0.008013168,0.14953774,-0.065770306,0.050560102,0.0072619324,0.061412163,0.052926034,-0.026312266,0.03152002,0.009413129,0.002259021,-0.0155449575,0.081096314,0.026915198,-0.04070654,0.15105951,0.0073412433,-0.01531156,0.10723746,0.055983737,0.09228685,0.1842088,-0.015830042,0.20894732,-0.09330919,0.14801659,-0.12206461,0.02416273,-0.023096303,90
-0.02703021,0.0009265834,-0.027014026,-0.14081511,0.035662793,0.02077732,0.16716628,-0.21663079,0.010980699,0.033179715,0.035020266,-0.057685502,-0.039261766,-0.0272451,0.09171578,0.17397207,-0.059547726,-0.12269556,-0.00051254936,-0.11476107,0.05989692,0.04625895,-0.037865747,0.042752683,0.05030871,0.038906842,0.19000852,-0.12784678,0.011141319,0.08782478,0.12415742,-0.09045248,0.17653139,0.13906007,0.08799125,0.0695693,-0.07624193,-0.10516489,0.18113375,0.010497461,-0.037157904,-0.030258818,-0.113811344,-0.086756565,-0.053065024,-0.10710434,-0.2428112,0.022063034,-0.009945224,-0.059825283,-0.047401816,-0.029682314,-0.029764052,0.08275346,0.056417536,0.01772663,0.08586433,-0.08388971,-0.09662738,-0.10554639,-0.036266565,-0.040424157,-0.035859525,-0.015789824,0.02736241,0.03601459,0.007572936,-0.014126607,-0.1672219,0.1636942,0.12857816,0.057063323,0.13881959,-0.15844467,0.06901467,-0.045422737,0.077054515,0.019505244,0.020245695,0.07712085,-0.17331526,0.16613068,0.0010412462,-0.007214926,0.11464079,0.0633036,-0.077158436,-0.018146053,0.08491191,0.017978571,0.06641645,0.11640775,0.056013823,0.089010045,0.066203065,-0.013348086,-0.115841165,0.10348948,-0.121965215,-0.051129162,0.13861723,-0.06683369,-0.042423483,0.09601037,0.11992552,0.01758497,-0.04125929,0.020201787,-0.042278465,-0.02001645,-0.0030012606,-0.02332216,0.06284256,-0.02782343,0.040193364,0.0016934107,0.0709217,0.07588881,0.06932094,0.038901523,0.1394345,0.064839944,0.173781,-0.120141305,0.06905233,-0.02377833,0.045036435,0.044699293,90
0.10547608,-0.0971348,-0.11751725,-0.11120646,-0.046501305,0.0348704,0.042160936,-0.14643997,0.034183472,-0.02673621,-0.012879457,0.021069422,-0.007986978,-0.120706685,0.13211328,0.10578464,0.010900218,-0.18004532,0.007080272,-0.04413982,-0.02444064,0.06863852,-0.12643316,0.04771628,0.0420188,0.01911108,0.13343586,-0.04237328,0.10915856,0.08953712,0.14130157,-0.03529855,0.096210554,-0.03159396,0.006768831,0.086699516,-0.23013113,-0.0071885544,0.20206144,0.035763446,-0.06489116,0.07844079,-0.08656571,-0.2204299,0.009648381,-0.07784693,-0.12345942,0.008194075,-0.06737663,-0.020850072,-0.012319225,-0.0089930445,0.060489845,-0.035162933,0.021500934,0.026946394,0.036190104,-0.029708903,0.04578157,-0.068770334,-0.011656417,-0.12170026,-0.04258194,0.05613489,0.12928359,0.0074830987,0.13774967,-0.041788865,-0.21227053,0.042980865,0.062155686,-0.03492194,0.1218012,-0.19240779,0.12037833,-0.0021934903,0.013874764,0.12285732,-0.07985242,0.0073952805,-0.15244749,0.09678569,-0.08440758,0.001096428,0.061419897,-0.11717127,-0.049395967,-0.118309766,-0.052772325,-0.044804666,0.17832303,0.061521016,-0.06233235,-0.024437478,0.013131594,-0.0041132593,-0.15250069,0.06942285,-0.12188885,-0.038845964,0.062443126,-0.039971955,0.07882718,0.049472474,0.07715443,0.050298437,-0.012054109,0.035311952,0.016250167,-0.028543834,0.04960379,0.04741891,0.02367739,-0.017610142,0.12342184,0.018105788,-0.043551352,0.15882371,0.035874438,0.08219474,0.15014097,-0.02303417,0.15849032,-0.023542985,0.13732082,-0.15493144,-0.059672456,-0.03932576,90
0.1347623,-0.19645572,0.02897473,-0.114462346,-0.17650002,0.01804431,0.04899437,-0.09963775,-0.1895365,0.06585441,0.030841926,-0.09412281,0.035887968,0.023515742,0.010136808,-0.02177974,0.11647578,-0.123595566,0.039843395,0.09187676,-0.12052354,0.0034136612,-0.11056415,0.04188196,0.16658804,0.045995064,0.040783998,0.014708586,0.07149391,0.018124081,0.09642903,0.056233842,0.059880603,-0.15072748,-0.03800827,-0.01711612,0.02943259,-0.010846097,0.04529736,0.021582142,0.065429814,0.06609038,0.045948796,-0.013921803,-0.019199409,-0.16642575,0.038538072,0.09963885,0.016358491,0.04274046,0.11184512,-0.09059999,0.034426533,-0.14804877,0.00269384,-0.10370819,0.058379173,0.0728726,0.0340333,0.03267045,0.049421366,-0.1436401,0.04013327,0.12832883,0.023106255,0.13195187,0.054166317,0.070020296,0.1758126,0.00857807,-0.16063842,-0.07658682,0.061016258,-0.1376319,-0.06038814,0.020343555,-0.012713491,-0.04570586,0.09646774,0.04489205,-0.1395471,0.10036928,0.006947293,0.076296,0.10576645,-0.06198924,0.07350019,-0.058062077,-0.04042916,0.18583533,0.12597209,0.031280864,-0.0039516944,0.06111811,0.02767722,0.043328356,0.09900864,0.082789175,-0.14108534,-0.020053908,0.07422763,-0.03213796,0.1679792,0.036514465,-0.11935247,-0.050044544,-0.012348432,0.06764029,-0.03116814,-0.12103868,-0.05213264,0.042986598,0.17106177,-0.048334617,0.049610693,-0.13831918,0.023207212,0.12915194,0.18699184,0.023466174,0.13434668,-0.0040760715,-0.048353918,0.0830367,0.05369992,-0.14498968,-0.07745888,0.0014146765,71
0.031176997,-0.17939624,0.06702332,-0.122096255,-0.033181522,0.08833159,0.051399704,0.019185357,0.019797498,0.013711161,0.07496033,-0.12589869,-0.014040317,-0.086482555,-0.004615142,0.033435136,0.11284049,-0.030007482,0.115536265,0.07651845,-0.005873752,0.004495906,-0.13814735,0.03362603,0.06067421,0.109578505,0.052134987,-0.020387786,-0.00048154083,0.086114086,0.035458993,0.073462024,-0.01478209,-0.102372125,0.060545657,-0.063299984,-0.025979562,0.035545032,-0.032416996,0.068239115,0.10746953,-0.04226545,-0.0077601853,-0.010616228,-0.11151402,-0.11825402,0.094021305,0.07350659,-0.051564045,0.07782302,-0.0038987207,0.0145257665,0.028052025,-0.08001198,0.03275218,-0.110035904,0.12495234,0.0182939,-0.014801692,-0.06453114,0.06306704,-0.06394429,0.02883474,0.26181832,0.05605184,0.10279106,0.04069162,0.083888374,0.14243625,-0.019083666,-0.076663814,-0.21964297,0.13825649,-0.041487988,-0.044402633,0.06637294,-0.007500397,0.0008010551,-0.036838904,0.0278795,-0.17613071,-0.047538757,-0.035510734,0.012124243,0.204672,-0.11288863,0.15367527,-0.03580515,-0.12241624,0.2296398,0.038247168,-0.010912736,0.0014104961,-0.030904163,0.043379672,0.008227315,0.112452835,0.12878846,-0.19135092,-0.058141656,0.034311198,0.047076274,0.11411179,0.05422,-0.02984484,0.020640614,0.0055401484,0.08288189,0.048465278,-0.13880135,0.01432822,-0.028886784,0.15474531,-0.006938283,-0.05093048,-0.11028222,0.011047202,0.085903734,0.21524024,-0.014828327,0.09831488,0.072444476,-0.13091362,0.062100902,0.0766968,-0.15606238,-0.10543048,0.09415297,71
0.174494,-0.109666795,0.048504654,-0.1078863,-0.1759817,-0.035791736,0.049514,-0.10787773,-0.16700837,0.023149787,-0.024239872,-0.07322184,-0.0065348954,0.07599958,-0.01714663,-0.10551407,0.08686867,-0.18237354,0.024625925,0.00064857467,-0.087965176,0.01742701,-0.18197769,0.021657893,0.13296673,-0.09400177,-0.023991128,0.05863923,0.028866118,0.028953724,0.11541428,0.045278285,0.011346697,-0.096024,-0.03533943,-0.0683661,0.024846466,-0.06458604,0.06886407,-0.028498622,0.03780872,0.11202323,0.004921616,-0.062092945,-0.031171435,-0.117751405,0.034087993,0.14950123,-0.011325146,0.11520262,0.048968937,0.014475929,0.07250878,-0.20413208,0.012040223,-0.0075838757,0.019409422,0.05099851,0.05698059,0.05597022,0.06965484,-0.094259754,0.027882295,0.20952195,0.05660645,0.14398727,0.023128226,0.08157859,0.07736545,0.0073075397,-0.0897476,-0.09037933,0.11566299,-0.19716184,-0.10330944,0.019071965,0.01943223,-0.026870776,0.056578927,-0.014926963,-0.104918115,0.09206986,0.036672384,0.09152305,0.11836976,-0.15189041,0.041680373,-0.12728706,-0.029809557,0.09452837,0.09885283,0.07912933,-0.054154247,0.070026666,0.11476785,0.02512478,0.07553111,0.08021379,-0.09191533,0.009156631,0.08752073,0.07476395,0.13281973,-0.015601451,-0.120278336,-0.003889551,0.031187074,0.0819091,-0.06562798,-0.19184494,-0.076684766,0.027702304,0.14660893,-0.013694882,0.022843784,-0.047018975,0.08577422,0.18739714,0.063123114,0.09640846,0.10846119,0.0073793395,0.02296922,0.03970819,0.07320104,-0.13685434,-0.08485282,-0.046860207,71
0.087826826,-0.12267372,0.10187167,-0.11778483,-0.21054393,-0.083966225,-0.008867233,-0.104062244,-0.2564719,0.024705082,-0.02516533,-0.10034799,-0.03418173,0.07568838,0.040598,-0.016323738,0.013639189,-0.18319474,-0.030363094,-0.021086225,-0.07348214,-0.03551178,-0.12447793,0.06350596,0.15615045,-0.018420897,-0.0032414405,0.058034193,0.108828664,0.016538091,0.027938927,0.020755675,-0.0050617848,-0.15542427,-0.007708491,-0.008957428,-0.021857737,-0.07904665,0.032165408,0.014115713,0.038117714,0.07452088,-0.040622737,0.012297858,0.03259944,-0.09299106,0.013348655,0.17990309,-0.028236631,-0.009538737,0.11924071,-0.03777709,0.0998607,-0.13917018,0.0106275035,-0.055624645,0.14748548,0.04464218,0.048166033,0.14944232,0.10415156,-0.09582404,-0.017893564,0.14413813,0.00464332,0.068605125,0.06920319,-0.0004791522,0.1008779,-0.018763416,-0.18405788,0.008602927,0.0034047,-0.14286889,-0.044034366,0.022006964,-0.02038843,0.080724016,0.12001558,-0.022250216,-0.12454778,0.09947587,-0.03541836,-0.01037451,0.075931914,-0.1542583,0.010929185,-0.08952326,-0.011997216,0.04058971,0.15170643,0.1014153,0.027900394,0.07097383,0.102025844,0.061786797,0.12161544,0.040444728,-0.027963195,-0.026507653,0.09854186,-0.030207831,0.09849106,0.033700664,-0.022090413,-0.1256933,-0.03628257,0.10801909,-0.011384691,-0.09407519,-0.09912453,-0.05021896,0.17421685,-0.06584431,-0.041393813,-0.047834896,0.13273548,0.20186706,0.02555941,0.110800765,0.12021184,-0.019323025,-0.04454708,-0.0014292786,0.09753501,-0.08803604,-0.11909553,-0.11674937,71
0.076222494,-0.062178873,0.07240187,-0.087715514,-0.23617952,-0.009653825,-0.0025951324,-0.16912806,-0.21862677,0.07766532,-0.050272286,-0.00042589518,-0.05127721,0.14728719,-0.006996854,0.040005084,0.05912898,-0.12624715,0.02674121,-0.016933449,0.040577494,-0.04890336,-0.109694384,-0.02260917,0.19380139,-0.031636685,0.0236459,0.11032499,0.10899339,0.11438238,0.026814695,0.042030558,0.013131815,-0.008096768,0.04238264,-0.02016091,-0.02282012,-0.095418766,0.059592787,-0.021955183,-0.022231523,0.10220088,-0.087072544,0.02815968,0.048391405,-0.048445977,-0.076114364,0.17809233,-0.011195348,0.049427874,0.06987302,-0.024921428,0.079959065,-0.068845466,0.13646238,-0.0024171378,0.0033375479,0.043690544,0.15164228,0.06407909,0.065439716,-0.0064760037,0.08566513,0.02468738,-0.013055998,0.1453804,-0.050962314,0.053419933,0.029122109,0.040205143,-0.09126067,0.06115502,0.0700232,-0.093075976,-0.15258537,0.012639993,0.053028695,-0.0169446,0.17880215,0.043063827,-0.14717843,0.06348057,0.0011495382,0.103727005,0.11850038,-0.11079884,-0.016202327,-0.095050216,0.059753742,-0.0210826,0.10936419,0.16266695,0.0012134612,0.12525876,0.10221641,0.042275142,0.16599438,0.017943786,-0.043617547,-0.013921201,0.110800795,0.024018146,0.04346972,0.053229764,-0.10504843,-0.04031215,-0.038005374,0.09840122,-0.046678063,-0.063334495,0.008375247,-0.11441009,0.13441816,-0.048047043,0.02899823,0.0076814992,0.18506789,0.20041174,0.02106398,0.009344283,0.17042165,0.12646514,0.066571586,-0.11779961,0.030951198,0.015067105,0.001524761,-0.17024316,71
-0.07924712,-0.052748993,-0.055900946,-0.08910023,-0.03475823,-0.018324273,0.0052829715,-0.12878804,-0.14649804,0.071374126,-0.11067566,0.14301656,-0.15495905,-0.1250823,-0.05473178,0.05456638,0.07753293,-0.018404096,-0.015858386,-0.07841192,0.07496101,-0.08209672,-0.12920143,-0.093590416,-0.09101876,0.011597402,-0.0003330394,0.048556536,-0.073346086,0.16444558,0.04962775,0.07987031,-0.0012085909,-0.08514747,-0.0070423535,0.01767043,-0.08547494,0.006648423,0.13648374,-0.022464,-0.044911373,-0.025835246,-0.029635286,0.049832903,0.14857787,-0.022563813,-0.027286774,0.09001188,-0.10336224,0.10192543,-0.10459105,0.058710877,0.06043526,-0.111900866,0.018849956,0.18308909,-0.164795,0.013510349,0.13925457,0.024629692,-0.079296365,-0.14850198,-0.07299749,0.03890637,0.06936417,0.038704958,-0.037306745,-0.004143743,-0.008198889,0.0082905,0.08190594,-0.02168913,0.03784183,-0.0356391,0.15967372,-0.084407054,0.025967602,0.009369488,-0.103025176,0.009734361,-0.07069231,-0.036209375,-0.101995684,0.08505754,0.06476891,0.0042086765,-0.06680867,-0.13564315,-0.13778697,0.02279143,-0.043042593,-0.055499252,-0.04542457,-0.04819202,0.025334496,-0.06137691,0.0021236439,-0.040306747,-0.06785847,0.033563927,-0.042615768,0.029857783,0.065219976,-0.047014922,-0.19806446,-0.140113,0.07529843,-0.041072216,-0.023765957,0.040243886,0.07056351,0.082805455,0.055109836,0.13259777,0.08925762,0.03745813,0.10100674,0.20501915,-0.18472897,0.09422198,0.22390775,-0.050888862,0.16658095,-0.04195049,-0.24282882,-0.03992364,0.033696506,0.051107615,91
-0.021933239,-0.07119531,0.010768762,-0.06888304,-0.02518113,-0.025507692,0.03392921,-0.119815946,-0.17952427,0.08244801,-0.0146549195,0.1534933,-0.076383285,-0.17320816,-0.018197622,0.056741986,0.10745612,-0.09201489,0.022652056,-0.07682088,0.026332833,-0.11377894,-0.04414731,-0.08942374,-0.068770565,-0.026032282,0.007832367,0.09860987,-0.06537563,0.15086934,0.06635905,0.05297182,-0.032339554,-0.055401027,-0.017924627,0.013883235,-0.09894805,0.05316986,0.15229642,-0.008782496,-0.06474195,0.0161492,-0.045189757,0.059221197,0.138731,0.0345571,-0.060424738,0.042811755,-0.008998149,0.07267013,-0.06647088,0.036466293,0.0678807,-0.117445685,-0.022137374,0.19299006,-0.19682665,0.032960158,0.14335681,-0.0015897421,-0.094337344,-0.15202583,-0.039578423,-0.029360361,0.024623917,-0.016412014,-0.053398144,-0.06174849,-0.04016721,0.07737276,0.044154737,-0.0132178,0.017781511,-0.055813476,0.11463064,-0.066639066,-0.011042704,0.080539405,-0.14493345,0.033896882,-0.030710563,-0.056734446,-0.111709826,0.048577294,0.019056464,-0.06021131,-0.035213307,-0.18810765,-0.21384312,-0.009136778,0.0031394833,-0.070772424,-0.09196187,-0.053629484,0.061631244,-0.08554563,0.010143346,-0.06154655,-0.05435747,0.021807268,-0.06662423,0.013038752,0.0853831,-0.01775795,-0.17017055,-0.004229919,0.07806326,-0.065462515,-0.085329965,0.0033216109,0.08639288,0.098529845,0.021847654,0.07588903,0.16164452,0.105005085,0.073053166,0.10797245,-0.20774424,0.047075707,0.20473719,-0.13642631,0.16043204,0.0037360576,-0.20448373,-0.10830041,-0.021254104,0.057644278,91
-0.08615423,-0.05898,0.031173876,-0.046842743,-0.034650426,-0.015183272,0.02011317,-0.092777975,-0.16688564,0.024905266,-0.090439156,0.1472438,-0.12992664,-0.09795958,-0.0401008,0.08929027,0.085439056,-0.035357628,0.043573163,-0.06871098,0.029948685,-0.03905652,-0.07675283,-0.093021214,-0.07009805,-0.02067456,-0.023519155,0.059089534,-0.026672985,0.13622007,0.062414363,0.015985096,-0.0016384984,-0.04499998,-0.029906748,0.050113555,-0.10134814,0.022748338,0.115927294,-0.044354815,-0.06685205,-7.5125195e-06,-0.072511785,0.036911074,0.13972135,0.047195923,-0.05907328,0.047180627,-0.07418673,0.093522064,-0.06772196,0.084331244,0.0627058,-0.10792693,-0.035141848,0.22292492,-0.18963738,0.027952334,0.12545556,0.05136267,-0.07922583,-0.13324222,-0.052365452,0.0406152,0.07255297,-0.026606005,0.0036790897,-0.019590294,-0.030251706,0.0770591,0.09111423,-0.012107585,0.0026060431,-0.032201942,0.1513978,-0.06426537,-0.0032538455,0.060001507,-0.14409526,0.0440343,-0.04475883,-0.04326469,-0.0994153,0.06500985,0.04670768,-0.05059371,-0.014140353,-0.15806882,-0.23285832,-0.032943003,-0.006296713,-0.037430026,-0.05712376,-0.073806845,0.00067219016,-0.109238535,-0.009421828,-0.040432412,0.0051804,0.0632905,-0.09776365,0.064102516,0.0758678,-0.008370526,-0.154808,-0.072771855,0.03921263,-0.05288997,-0.09448987,-0.02539618,0.04461695,0.101851456,0.05363061,0.09556435,0.1474426,0.071387134,0.1425585,0.18810856,-0.21474947,0.08201626,0.22380894,-0.10136426,0.15926309,0.0074499585,-0.17985253,-0.09176725,-0.03846546,0.11125931,91
-0.048262063,-0.056807015,-0.039564226,-0.08780379,-0.05565606,0.00029604312,-0.05129551,-0.12355462,-0.14889008,0.020086993,-0.0978544,0.12949386,-0.12089142,-0.1139248,-0.025597366,0.02939544,0.09068676,-0.07544026,-0.008020514,-0.07428704,0.025299812,-0.07616044,-0.09280729,-0.090327404,-0.06957069,-0.010803328,-0.021505434,0.09028695,-0.059710573,0.13665602,0.057167765,0.063716836,-0.0049454616,-0.08290481,0.014659514,0.04623103,-0.101177104,0.024408052,0.1790387,0.010696456,-0.053738773,-0.033238035,-0.05323651,-0.017141832,0.14867717,-0.029856158,-0.02200684,0.11593893,-0.10095068,0.105270565,-0.075496145,0.096116774,0.08492395,-0.11179735,0.016787838,0.19977272,-0.16643468,0.011659074,0.16525759,0.022591172,-0.05215282,-0.21205589,-0.04376372,0.025031272,0.05677392,0.009603005,-0.011602988,-0.038218,-0.05818898,0.003898257,0.055721667,-0.06858565,0.04746422,-0.049473204,0.1312854,-0.06987927,0.018639473,0.040537577,-0.117015444,-0.022480164,-0.033423454,-0.02774696,-0.09037128,0.13579054,0.059818994,-0.04451826,-0.022645501,-0.18115738,-0.17056973,-0.0010855803,-0.033098273,-0.07640771,-0.06883667,-0.09736004,0.024672003,-0.019026127,-0.0150065385,-0.05004584,-0.09180043,0.037419256,-0.07711377,0.024948096,0.06992537,-0.00651181,-0.19520773,-0.089694634,0.068278335,-0.012834556,-0.004850501,0.0026022415,0.069751404,0.077891305,0.05763551,0.10709492,0.13176933,0.027792241,0.095133126,0.18164077,-0.18362647,0.055711336,0.21223758,-0.11114162,0.16911477,-0.026633548,-0.1881512,-0.04221237,0.01569332,0.048419356,91
-0.051339652,0.006038098,-0.069176376,-0.070411526,-0.047659554,-0.014602505,-8.345474e-05,-0.18416387,-0.15413152,0.02384158,-0.123251125,0.15015984,-0.16354635,-0.15781,-0.06774172,0.01649786,0.07599346,-0.032619655,0.013157874,-0.0940786,0.016535304,-0.061746012,-0.122324005,-0.086132094,-0.06864273,0.03469508,-0.03221435,0.045633312,-0.03913775,0.16032334,0.069012016,0.027474063,0.010420552,-0.069441,0.04992067,0.020048779,-0.09596149,0.0034866047,0.18115833,0.00016175158,-0.0603161,-0.0076147164,-0.098261826,0.06135,0.16493936,-0.043909624,-0.059586074,0.16192381,-0.1063151,0.11206487,-0.0799754,0.055236865,0.087655395,-0.06601966,0.029770115,0.2216299,-0.10950443,-0.045157515,0.11745878,0.047135737,-0.058483243,-0.22114387,-0.0349787,-0.007959243,0.052452043,0.073312566,-0.048072588,-0.021517992,-0.02820259,0.0069640605,0.07334393,-0.040178157,0.003848981,-0.038435068,0.14589897,-0.09393619,0.014599001,0.051390003,-0.06205196,-0.0036405185,-0.03616912,-0.020559078,-0.09841256,0.09276166,0.09304319,-0.0056170067,-0.05853968,-0.13927937,-0.12828831,0.044115383,-0.052711163,-0.046736922,-0.040749058,-0.08072432,0.013699051,-0.034538694,0.0016279238,-0.061271124,-0.092352636,0.014067444,-0.053240784,0.01765706,0.08126986,0.0128890425,-0.18453695,-0.11513658,0.04240327,-0.015807705,-0.030278543,-0.0312682,0.0552981,0.06676252,0.03506351,0.12278102,0.09431604,0.0372299,0.07456507,0.18761547,-0.11148092,0.09050776,0.2246801,-0.08666988,0.16729878,-0.06691013,-0.20240453,-0.018097935,0.02042878,0.027683878,91
-0.11264138,-0.07113728,-0.010708256,-0.058832373,-0.052673433,0.014604648,-0.011675531,-0.055226285,-0.18042137,-0.007287308,-0.050074033,0.1602976,-0.12972184,-0.1755361,0.011400656,0.12730351,0.0678594,0.013274672,0.038298074,-0.048498362,0.04916995,-0.057245836,-0.10052603,-0.09043239,-0.13747875,0.001986012,-0.0543208,0.08951016,0.00035693403,0.14109136,0.050219998,0.018788977,0.053571377,-0.096405074,0.0051307953,0.031126315,-0.11454978,-0.019018117,0.11312215,-0.044371437,-0.033883344,0.01931243,-0.045434784,-5.1057938e-05,0.16126364,0.027865402,-0.021431116,0.052412108,-0.07370567,0.09861709,-0.036796156,0.04751373,0.07756401,-0.07324762,-0.00039754156,0.24896683,-0.1646211,0.0076119294,0.09472298,0.08598122,-0.03593884,-0.11420423,-0.013323817,0.08137117,0.08293684,0.010347892,0.045530222,-0.013526069,-0.004427737,0.05933215,0.09830601,-0.012893855,0.0024285587,-0.010621597,0.20951094,-0.057245634,-0.033193376,0.09534778,-0.12564257,0.07405983,-0.08736868,-0.050825905,-0.11970595,0.004225042,0.08756953,-0.06668487,-0.047302358,-0.10210845,-0.18342754,-0.037860144,-0.0028248571,0.0006193875,-0.037179805,-0.026153738,-0.016683467,-0.11449069,-0.019937813,-0.05296634,-0.05789539,0.04462178,-0.07105886,0.010953802,0.09893825,0.0469994,-0.1010846,-0.11166177,0.04623556,-0.06001654,-0.07580259,0.07385417,0.04384218,0.1149271,0.025538912,0.10586082,0.075922795,0.017778702,0.12454102,0.20414701,-0.17669508,0.029368768,0.19828226,-0.07463862,0.21197525,0.019838633,-0.16597718,-0.093524545,-0.072914824,0.09980765,91
-0.061453678,-0.06567816,-0.013594795,-0.038618248,-0.044066668,-0.020908186,0.0034071011,-0.040653903,-0.17333454,-0.038832296,-0.041125648,0.1772982,-0.10065456,-0.15671909,-0.05389645,0.024664866,0.11631321,-0.08325764,0.0010644477,-0.06241195,-0.037837934,-0.045937877,-0.081923164,-0.07986081,-0.13113484,-0.017737776,-0.03091397,0.09802027,-0.016991392,0.09823632,0.06286038,0.038141813,-0.012227608,-0.075414024,-0.015957471,0.015116517,-0.1102643,0.03380003,0.12917396,-0.00019340172,-0.08921767,-0.0077536404,-0.0646297,0.03279007,0.1286945,0.028543644,-0.005601755,0.09385561,-0.0746262,0.14289239,-0.029484766,0.08477467,0.11139925,-0.09254489,-0.010317581,0.2620205,-0.20812881,0.004397136,0.093224466,0.045073826,-0.12106137,-0.15882418,-0.0663508,0.037821267,0.08280412,0.0036682887,-0.04069626,-0.014990528,-0.06558877,0.015450694,0.049465712,-0.038854823,0.03491528,-0.036223363,0.14797455,-0.039640684,-0.03873335,0.07098668,-0.14246328,0.0027335421,-0.0473434,-0.045254536,-0.12320519,0.030486163,0.086956315,-0.08380953,-0.014659442,-0.13304137,-0.17638499,0.0013555908,-0.020710023,-0.04175079,-0.08304094,-0.11922461,0.052827906,-0.055595618,0.022320116,-0.057028674,-0.023487438,0.004236771,-0.04279053,0.032891385,0.10665566,0.027443774,-0.1505949,-0.04202662,0.12807764,-0.044955805,-0.025378069,-0.0829225,0.07944278,0.11575597,0.039349042,0.07889277,0.13036892,0.0625373,0.09402775,0.20984147,-0.142474,0.02376634,0.17264685,-0.13538904,0.16243578,0.030803178,-0.17092422,-0.08175063,-0.07178488,0.08877759,91
-0.047531065,-0.06303909,-0.031484123,-0.09874853,-0.06041395,-0.017142145,-0.042115033,-0.14769003,-0.124385424,-0.024375074,-0.09073087,0.16151205,-0.13965647,-0.15676022,-0.016181832,0.026136307,0.10681328,-0.0058625513,0.002780473,-0.04381521,0.035405714,-0.06715937,-0.13323599,-0.07444196,-0.061942477,0.0133843655,-0.045256007,0.07055691,-0.0070710005,0.1359282,0.08979591,0.040628206,0.023205016,-0.08728735,0.029876225,0.018982971,-0.15106824,0.0153703075,0.13975477,0.043458603,-0.084689364,-0.010255223,-0.055244572,-0.0005994054,0.12771067,-0.062124077,-0.014850922,0.15312022,-0.111194,0.12856914,-0.029539658,0.06305671,0.10514631,-0.103181966,0.056828413,0.18406856,-0.12580469,-0.002025866,0.113593355,0.081317395,-0.016857542,-0.23046014,-0.045466825,0.048359822,0.09665303,0.042860266,0.008854065,-0.013290532,-0.03716209,-0.010278175,0.04409759,-0.105698764,0.05063241,-0.069031395,0.16495234,-0.07167129,0.037022382,0.04574738,-0.1313804,-0.010974647,-0.090306535,-0.019689292,-0.09447975,0.102758415,0.083754204,-0.012073074,-0.036171388,-0.17902899,-0.11422559,0.028270459,-0.022790315,-0.03696006,-0.05869027,-0.10915041,0.024951987,-0.02128511,-0.04107542,-0.053874243,-0.092745535,0.009289937,-0.024919836,0.038694546,0.12143329,0.009991134,-0.16201796,-0.120225005,0.046837542,0.0036937555,0.017330559,-0.057917107,0.042831838,0.09199942,0.029860707,0.10335187,0.120850265,0.000211843,0.07896979,0.23159835,-0.10770913,0.059932344,0.20656702,-0.08768486,0.1549222,-0.0555784,-0.1586873,-0.04897348,-0.046058126,0.04294847,91
-0.031352907,-0.03146584,-0.054823462,-0.06597274,-0.024146339,-0.019241879,0.006905962,-0.12408196,-0.13978805,-0.013654133,-0.09620402,0.1518392,-0.12874687,-0.15291649,0.011819131,0.0488198,0.09317861,-0.016778406,0.030312423,-0.051633205,0.01163882,-0.03524563,-0.120319195,-0.068650685,-0.03312366,0.01856638,-0.0517679,0.07661002,-0.0067126956,0.14050497,0.10409016,0.052233152,-0.0173949,-0.08582154,-0.0047751903,0.006246741,-0.114817716,0.02749945,0.15063347,0.010798915,-0.07698837,0.035957098,-0.03994656,-0.010553025,0.14301951,0.03873431,-0.044317365,0.096133515,-0.101508126,0.1695376,-0.060430825,0.07955631,0.11374832,-0.08260583,0.0060765576,0.18990083,-0.17408279,-0.012669222,0.12414717,0.07459069,-0.020025155,-0.17763594,-0.054967646,0.05448475,0.094099715,0.00029184716,0.0028509037,-0.0281836,-0.026563564,-0.0029202225,0.07793519,-0.052957173,0.026340952,-0.055629507,0.14153425,-0.0688519,0.021033814,0.07101008,-0.13449845,0.026257563,-0.08085658,0.0015861471,-0.106836274,0.06462773,0.07200986,-0.04498071,-0.022432039,-0.17963205,-0.17207566,0.00055825606,-0.0036946272,-0.025110463,-0.07817658,-0.08711691,0.028723609,-0.06511297,-0.028054353,-0.036859024,-0.07367329,0.018988583,-0.045310237,0.05128022,0.11964017,-0.02627398,-0.18762453,-0.09560344,0.03566851,-0.0074134534,-0.03172914,-0.051774867,0.028760321,0.09317505,0.046009146,0.08342483,0.1428997,0.049334615,0.08082314,0.21948893,-0.14969103,0.0900532,0.21903549,-0.083838604,0.18641321,-0.03283024,-0.17900532,-0.08675994,-0.050765123,0.051241018,91
-0.067116685,-0.056232262,-0.076294884,-0.031028837,-0.0022874577,-0.032387376,-0.015883649,-0.06445101,-0.14908181,0.015390908,-0.04285683,0.13709159,-0.14920717,-0.12535982,-0.053362552,0.03932656,0.09081996,-0.05385671,-0.018037941,-0.07543844,-0.03509198,-0.06894207,-0.07305508,-0.08242719,-0.11292657,-0.03520361,-0.035192374,0.06879184,-0.07947343,0.14338908,0.08183753,0.039701827,-0.032949474,-0.057929207,-0.015464011,0.032427665,-0.09900801,0.045610856,0.16316429,0.005574943,-0.042496108,-0.026449654,-0.055561345,0.015884181,0.13373886,0.0006893087,-0.011069804,0.090413414,-0.08439989,0.16955663,-0.09594416,0.08870448,0.13508366,-0.079815134,-0.02235724,0.22824672,-0.20549148,-0.044708118,0.14927787,0.043318972,-0.07707989,-0.14830454,-0.0593783,0.03722053,0.10172169,-0.022601692,-0.057249546,-0.007644299,-0.059894305,0.0029374147,0.02287806,-0.028935535,0.04471569,-0.03825338,0.13099968,-0.049984217,0.0019196434,0.049241047,-0.12005143,-0.032447357,-0.04152469,-0.050929975,-0.13245283,0.07389506,0.092244044,-0.07975325,-0.04738207,-0.12206365,-0.17390835,0.046698175,-0.025387384,-0.03888333,-0.087097995,-0.08598951,0.030632265,-0.07388667,0.023052026,-0.033427134,-0.05256048,0.026603403,-0.048866965,0.033319037,0.076879054,-0.021921502,-0.12648381,-0.057069317,0.10494653,-0.013294171,-0.06608413,-0.07165698,0.122379005,0.12702939,0.042576745,0.094700746,0.12120764,0.038421202,0.0830069,0.186842,-0.16031907,0.092536576,0.18165332,-0.13654259,0.13774756,0.011423605,-0.21333879,-0.09908195,-0.03422434,0.06889364,91
-0.07607858,-0.06271851,-0.0018357696,-0.05683483,-0.042574894,-0.0065800636,-0.02670067,-0.09947556,-0.15824679,0.035613783,-0.04762348,0.144359,-0.14525758,-0.11881558,-0.044612627,0.031211456,0.11063281,-0.011354822,0.0016709379,-0.08387744,0.016468726,-0.079888515,-0.07698811,-0.0983423,-0.06873404,-0.034753855,-0.05138833,0.07327218,-0.045015782,0.12155485,0.058648717,0.045491684,-0.045548618,-0.03908172,0.0046495227,0.020498695,-0.08941553,0.0639314,0.15138073,-0.027999515,-0.037275452,-0.019526519,-0.046353254,0.055863477,0.12839834,0.011482395,-0.030813728,0.04618119,-0.042684045,0.12019075,-0.0797071,0.061809096,0.10853001,-0.119328685,-0.024825219,0.23885868,-0.19232865,-0.045276087,0.14823756,0.04016663,-0.049279995,-0.12382316,-0.064792566,0.033083092,0.0675305,-0.002024166,-0.03933595,-0.031126538,-0.03865959,0.03604878,0.03286942,-0.02381509,0.030459998,-0.07478783,0.17547432,-0.06541982,0.011347386,0.03571347,-0.1507753,0.022359435,-0.028579304,-0.070174344,-0.13946195,0.090858355,0.07778733,-0.04504731,-0.048242226,-0.1454588,-0.19243956,0.014033176,-0.017972108,-0.045611896,-0.09697465,-0.08313034,0.042424746,-0.0886779,0.031148616,-0.05984533,-0.018313691,0.01756152,-0.053271137,0.056775615,0.06968055,-0.026142024,-0.1268106,-0.030298177,0.07643324,-0.0564855,-0.06482754,-0.04586612,0.1038828,0.115776986,0.008753424,0.09583035,0.122019716,0.0504572,0.08412101,0.18353276,-0.20716839,0.08846852,0.19158979,-0.13088007,0.17054364,0.009715946,-0.21848816,-0.09374758,-0.017835177,0.08323411,91
